﻿<?xml version="1.0" encoding="utf-8"?>

<!-- Tolkien Trivia by: mike o & jesse  2017 -->

<trivia>
  <question>
    <challenge>What was the name of the bar in Bree where Frodo first meets Strider?</challenge>
    <answer correct="true">The Prancing Pony</answer>
    <answer correct="false">The Green Dragon Inn</answer>
    <answer correct="false">Two Hobbits One Flagon</answer>
    <answer correct="false">The Rowdy Rohirrim</answer>
  </question>
  <question>
    <challenge>What is "...as hard as dragon scale and as light as a feather."?</challenge>
    <answer correct="false">Gondorian Steel</answer>
    <answer correct="false">The One Ring</answer>
    <answer correct="true">Mithril Chainmail</answer>
    <answer correct="false">Waybread</answer>
  </question>
  <question>
    <challenge>What does Bilbo Baggins name the sword he aquires from the troll-hoard?</challenge>
    <answer correct="false">Swordy</answer>
    <answer correct="true">Sting</answer>
    <answer correct="false">Needle</answer>
    <answer correct="false">Toothpick</answer>
  </question>
  <question>
    <challenge>Who was the original Dark Lord of Middle-Earth?</challenge>
    <answer correct="false">Sauron</answer>
    <answer correct="false">Balrog</answer>
    <answer correct="false">Saruman</answer>
    <answer correct="true">Melkor</answer>
  </question>
  <question>
    <challenge>How many wizards were there in Middle-Earth?</challenge>
    <answer correct="false">Two</answer>
    <answer correct="false">Three</answer>
    <answer correct="false">Four</answer>
    <answer correct="true">Five</answer>
  </question>
  <question>
    <challenge>According to the movies, in which film does Aragorn recieve the sword Anduril?</challenge>
    <answer correct="false">The Hobbit</answer>
    <answer correct="false">The Fellowship of the Ring</answer>
    <answer correct="false">The Two Towers</answer>
    <answer correct="true">Return of the King</answer>
  </question>
  <question>
    <challenge>In "Fellowship of the Ring," what gift does Lady Galadriel give Legolas before the fellowship leaves Lothlorien?</challenge>
    <answer correct="false">Two swords</answer>
    <answer correct="true">Bow and arrows</answer>
    <answer correct="false">Magic mirror</answer>
    <answer correct="false">Make-up tips</answer>
  </question>
  <question>
    <challenge>How many Rings of Power were forged in the second age?</challenge>
    <answer correct="false">1</answer>
    <answer correct="false">19</answer>
    <answer correct="true">20</answer>
    <answer correct="false">3</answer>
  </question>
  <question>
    <challenge>In "Fellowship of the Ring," what gift does Lady Galadriel give Gimli before the fellowship leaves Lothlorien?</challenge>
    <answer correct="true">3 strands of hair</answer>
    <answer correct="false">Double-sided ax</answer>
    <answer correct="false">Elvish rope</answer>
    <answer correct="false">Beard oil</answer>
  </question>
  <question>
    <challenge>What was Gollum's hobbit name?</challenge>
    <answer correct="false">Samish</answer>
    <answer correct="false">Deagol</answer>
    <answer correct="true">Smeagol</answer>
    <answer correct="false">Dobby</answer>
  </question>
  <question>
    <challenge>What was the name of the battering ram used in the seige of Minas Tirith?</challenge>
    <answer correct="true">Grond</answer>
    <answer correct="false">Brawn</answer>
    <answer correct="false">Daarkh</answer>
    <answer correct="false">Masterkey</answer>
  </question>
  <question>
    <challenge>Who is Shelob?</challenge>
    <answer correct="false">The orc king</answer>
    <answer correct="false">An elf queen</answer>
    <answer correct="false">A dragon</answer>
    <answer correct="true">A giant spider</answer>
  </question>
  <question>
    <challenge>In the Battle of Pelennor Fields, which hobbit stabs the Witch King with a special enchanted blade?</challenge>
    <answer correct="false">Frodo</answer>
    <answer correct="true">Merry</answer>
    <answer correct="false">Pippin</answer>
    <answer correct="false">Samwise</answer>
  </question>
  <question>
    <challenge>Samwise Gamgee fancies this hobbit maiden, whom he marries after his return from Mordor.</challenge>
    <answer correct="false">Primrose Cotton</answer>
    <answer correct="false">Linda Proudfoot</answer>
    <answer correct="true">Rosie Cotton</answer>
    <answer correct="false">Belladonna Took</answer>
  </question>
  <question>
    <challenge>Denethor is the 26th what?</challenge>
    <answer correct="false">King of Rohan</answer>
    <answer correct="false">Mayor of Bree</answer>
    <answer correct="false">King under the mountain</answer>
    <answer correct="true">Steward of Gondor</answer>
  </question>
  <question>
    <challenge>What is the name of the Ent that befriends Merry and Pippin in Fangorn Forest?</challenge>
    <answer correct="false">Twigman</answer>
    <answer correct="true">Treebeard</answer>
    <answer correct="false">Entmoot</answer>
    <answer correct="false">Leafy Larry</answer>
  </question>
  <question>
    <challenge>Who are known as "Durin's Folk"?</challenge>
    <answer correct="true">Dwarves</answer>
    <answer correct="false">Elves</answer>
    <answer correct="false">Hobbits</answer>
    <answer correct="false">Humans</answer>
  </question>
  <question>
    <challenge>What was Aragorn's childhood name?</challenge>
    <answer correct="false">Amdir</answer>
    <answer correct="false">Miriel</answer>
    <answer correct="true">Estel</answer>
    <answer correct="false">Aeluin</answer>
  </question>
  <question>
    <challenge>What do the elves call the hobbits?</challenge>
    <answer correct="false">The Mellon</answer>
    <answer correct="true">The Periannath</answer>
    <answer correct="false">The Onodrim</answer>
    <answer correct="false">The Uruloki</answer>
  </question>
  <question>
    <challenge>How many palantiri where brought to Middle-Earth?</challenge>
    <answer correct="false">Four</answer>
    <answer correct="false">Five</answer>
    <answer correct="false">Six</answer>
    <answer correct="true">Seven</answer>
  </question>
</trivia>